data,keyword,posicao,url
2026-07-03,"porcelanato goiânia",,
2026-07-03,"porcelanato amadeirado",,
2026-07-03,"porcelanato marmorizado",,
2026-07-03,"porcelanato acetinado",,
2026-07-03,"porcelanato polido",,
2026-07-03,"piso porcelanato",,
2026-07-03,"porcelanato para área externa",,
2026-07-03,"porcelanato para cozinha",,
2026-07-03,"porcelanato para banheiro",,
2026-07-03,"porcelanato para fachada",,
2026-07-03,"porcelanato para piscina",,
2026-07-03,"porcelanato amadeirado para área externa",,
2026-07-03,"porcelanato amadeirado para cozinha",,
2026-07-03,"porcelanato amadeirado varanda",,
2026-07-03,"porcelanato amadeirado sala",,
2026-07-03,"porcelanato marmorizado para sala",,
2026-07-03,"porcelanato marmorizado banheiro",,
2026-07-03,"porcelanato acetinado banheiro",,
2026-07-03,"porcelanato polido sala",,
2026-07-03,"porcelanato marmorizado fachada",,
2026-07-03,"porcelanato 60x60",,
2026-07-03,"porcelanato 90x90",,
2026-07-03,"porcelanato 120x60",,
2026-07-03,"porcelanato retificado",,
2026-07-03,"porcelanato antiderrapante",,
2026-07-03,"loja de porcelanato goiânia",,
2026-07-03,"porcelanato branco",,
2026-07-03,"porcelanato cinza",,
2026-07-03,"porcelanato preto",,
2026-07-03,"porcelanato externo antiderrapante",,
2026-07-03,"revestimento cozinha",,
2026-07-03,"revestimento banheiro",,
2026-07-03,"piso para banheiro",,
2026-07-03,"piso antiderrapante",,
2026-07-03,"porcelanato preço",,
2026-07-03,"porcelanato bege",,
2026-07-03,"piso para cozinha",,
2026-07-03,"piso área externa",,
2026-07-03,"porcelanato biancogres",,
2026-07-03,"delta porcelanato",,
2026-07-03,"porcelanato goiânia",,
2026-07-03,"porcelanato amadeirado",,
2026-07-03,"porcelanato marmorizado",,
2026-07-03,"porcelanato acetinado",,
2026-07-03,"porcelanato polido",,
2026-07-03,"piso porcelanato",,
2026-07-03,"porcelanato para área externa",,
2026-07-03,"porcelanato para cozinha",,
2026-07-03,"porcelanato para banheiro",,
2026-07-03,"porcelanato para fachada",,
2026-07-03,"porcelanato para piscina",,
2026-07-03,"porcelanato amadeirado para área externa",,
2026-07-03,"porcelanato amadeirado para cozinha",,
2026-07-03,"porcelanato amadeirado varanda",,
2026-07-03,"porcelanato amadeirado sala",,
2026-07-03,"porcelanato marmorizado para sala",,
2026-07-03,"porcelanato marmorizado banheiro",,
2026-07-03,"porcelanato acetinado banheiro",,
2026-07-03,"porcelanato polido sala",,
2026-07-03,"porcelanato marmorizado fachada",,
2026-07-03,"porcelanato 60x60",,
2026-07-03,"porcelanato 90x90",,
2026-07-03,"porcelanato 120x60",,
2026-07-03,"porcelanato retificado",,
2026-07-03,"porcelanato antiderrapante",,
2026-07-03,"loja de porcelanato goiânia",,
2026-07-03,"porcelanato branco",,
2026-07-03,"porcelanato cinza",,
2026-07-03,"porcelanato preto",,
2026-07-03,"porcelanato externo antiderrapante",,
2026-07-03,"revestimento cozinha",,
2026-07-03,"revestimento banheiro",,
2026-07-03,"piso para banheiro",,
2026-07-03,"piso antiderrapante",,
2026-07-03,"porcelanato preço",,
2026-07-03,"porcelanato bege",,
2026-07-03,"piso para cozinha",,
2026-07-03,"piso área externa",,
2026-07-03,"porcelanato biancogres",,
2026-07-03,"delta porcelanato",,
